,Open,High,Low,Close,Volume,Dividends,Stock Splits
,DOW,DOW,DOW,DOW,DOW,DOW,DOW
Date,,,,,,,
2019-03-20,44.868005631810775,45.50593936117301,42.103626137907746,42.35879898071289,2350800,0.0,0
2019-03-21,42.52041720942398,42.52892156606954,40.99788103863088,41.66133117675781,1764700,0.0,0
2019-03-22,41.508224388065116,42.48639082513644,40.963854742797224,41.33810806274414,844700,0.0,0
2019-03-25,41.33810658749915,42.01857186449908,40.82776087444811,41.80592727661133,440900,0.0,0
2019-03-26,41.67834643449567,42.316280308493056,40.98087232516782,41.550758361816406,504700,0.0,0
2019-03-27,41.678344336057634,43.19237294914534,41.678344336057634,42.61397933959961,1788600,0.0,0
2019-03-28,43.29444649834531,43.37950304958236,42.45662616539264,43.251914978027344,585400,0.0,0
2019-03-29,42.12064604330225,44.63835752498752,41.83144923495331,43.915367126464844,1769000,0.0,0
2019-04-01,44.485252323244076,46.26296141501798,43.592145598937414,45.50594711303711,19663400,0.0,0
2019-04-02,46.883884779418196,48.8146983130421,46.18641068732314,47.84503936767578,17414200,0.0,0
2019-04-03,48.551017669253056,48.65308617092327,47.215606567529925,48.38090133666992,15066200,0.0,0
2019-04-04,48.65308595390287,51.4770060302094,48.568026165641136,50.78803634643555,13309200,0.0,0
2019-04-05,49.66527415137232,50.16711555630346,47.8620487831025,48.687110900878906,17000800,0.0,0
2019-04-08,48.05768406164123,49.66527686773715,47.862051400842724,48.61056137084961,10764600,0.0,0
2019-04-09,48.31285463668688,48.65308730981747,47.70044036763076,47.8620491027832,9179900,0.0,0
2019-04-10,47.62389111245502,47.98113252102198,46.86687353033559,47.38572692871094,9081900,0.0,0
2019-04-11,47.37722122114586,47.8110148112847,46.63721886399167,46.68825149536133,7346100,0.0,0
2019-04-12,47.572852241795395,49.61424178850982,47.572852241795395,49.588722229003906,9281700,0.0,0
2019-04-15,49.81838111508833,50.056542050233496,48.729641703339716,49.14642333984375,5727300,0.0,0
2019-04-16,49.93746317531735,50.17562736275767,49.19746078558726,49.75884246826172,6681600,0.0,0
2019-04-17,50.14160111983782,50.22665766838878,49.50366727160757,49.605735778808594,6420700,0.0,0
2019-04-18,49.63975411757614,49.85239870975582,48.95078447082235,49.13791275024414,5178800,0.0,0
2019-04-22,48.891253169328884,49.682291456211466,48.704124855748184,49.239990234375,4401700,0.0,0
2019-04-23,48.72963878420498,49.19745626937253,48.48297026203873,49.027339935302734,5687200,0.0,0
2019-04-24,48.8997545585576,49.239983978103666,47.51756463269752,47.615379333496094,5431300,0.0,0
2019-04-25,47.42825338113965,47.61538168016685,46.62871079886772,47.06250762939453,6260500,0.0,0
2019-04-26,47.03698933466624,47.29216222994122,46.73928816429533,46.99446105957031,4009800,0.0,0
2019-04-29,46.82434277980077,47.36446190977061,46.61169816840776,47.20710372924805,5935200,0.0,0
2019-04-30,47.428249089481795,48.65733783495785,47.29215667833102,48.25331115722656,6454100,0.0,0
2019-05-01,48.329867477879105,48.89124912751247,47.530324899522284,47.74296951293945,7644400,0.0,0
2019-05-02,47.24112817159076,48.04917835281762,44.25559597737246,44.82548522949219,13932700,0.0,0
2019-05-03,45.25077414144555,45.37835896199206,43.99191842613073,45.33583068847656,7401700,0.0,0
2019-05-06,44.3576681188183,45.956753292191145,43.97490716173994,45.471923828125,6089500,0.0,0
2019-05-07,44.96157571173284,45.35709480604124,44.782955022612704,45.03812789916992,7330800,0.0,0
2019-05-08,45.36134886158475,45.4166352909948,44.493758480654904,44.63835525512695,5390700,0.0,0
2019-05-09,44.45123267481745,45.199742691832896,43.847322695551384,45.021121978759766,4579700,0.0,0
2019-05-10,45.029621647693965,45.68797112832639,44.64686394373476,45.14019775390625,4758100,0.0,0
2019-05-13,44.46823498356389,44.697891526827995,43.17535550557648,43.33696746826172,4213100,0.0,0
2019-05-14,43.66019201537702,45.080656424504866,43.243407160388486,44.63835525512695,4204500,0.0,0
2019-05-15,44.213065795092376,45.35709480604124,43.94938531732039,45.03812789916992,2928700,0.0,0
2019-05-16,45.327336399151655,45.5484854173705,44.851011193764904,45.063655853271484,3689700,0.0,0
2019-05-17,44.519272588912315,44.67237695705993,43.09030064933393,43.209381103515625,4440800,0.0,0
2019-05-20,42.869150605186036,42.98823105633228,42.46087013740043,42.59696578979492,5168400,0.0,0
2019-05-21,42.76707683056831,43.541102970881255,42.5459278953498,43.064781188964844,4968400,0.0,0
2019-05-22,42.920187028068135,43.04777509112856,42.49915161148753,42.707542419433594,3019100,0.0,0
2019-05-23,42.10362494923265,42.4098336498334,41.00637818697952,41.43166732788086,4919200,0.0,0
2019-05-24,42.01006989147467,42.167428075682366,41.20201970031785,41.84846115112305,2918900,0.0,0
2019-05-28,41.993058903594616,42.04409478079572,40.912823838083625,41.30409240722656,6613000,0.0,0
2019-05-29,40.9978738318289,42.04408472908236,40.836261881679256,41.43166732788086,3525900,0.0,0
2019-05-30,41.52659880813181,41.93220048237745,41.44030212050865,41.828643798828125,3777600,0.7,0
2019-05-31,41.38852790576716,41.42304790243446,40.3443226966419,40.35295104980469,3396900,0.0,0
2019-06-03,40.430614703525855,41.38852310180664,40.430614703525855,41.38852310180664,5905200,0.0,0
2019-06-04,42.009874946010385,43.088600158691406,41.97535494912265,43.088600158691406,7043000,0.0,0
2019-06-05,43.57186547294051,43.64090216715623,42.32917205698013,43.44241714477539,6413300,0.0,0
2019-06-06,43.39064349814107,44.27951534466471,43.27845844213985,44.06377029418945,6228100,0.0,0
2019-06-07,44.1241690013416,44.607435701899874,43.899792354361686,44.2708740234375,5391100,0.0,0
2019-06-10,44.63333520903213,44.961265301646414,44.51251851259445,44.547035217285156,5434400,0.0,0
2019-06-11,44.87496486945364,45.021669905209265,44.495254813373386,44.90948486328125,5144300,0.0,0
2019-06-12,44.92674695339989,45.427273719189266,44.598813580774326,45.297828674316406,3103900,0.0,0
2019-06-13,45.46178749371947,45.694792493016195,44.90948081035279,45.63438415527344,4179800,0.0,0
2019-06-14,45.41863995192365,45.470416646897256,44.01198157967392,44.14142990112305,3919300,0.0,0
2019-06-17,43.20078446656028,43.43378948577197,42.32917273261938,42.58806610107422,5787300,0.0,0
2019-06-18,42.93325946538568,43.64090287562538,42.63121775077402,42.812442779541016,5014200,0.0,0
2019-06-19,43.10585593161883,43.35612094651016,41.70782911479017,41.85453414916992,5404000,0.0,0
2019-06-20,42.36801278887958,42.79518705418405,41.95809523012583,42.22562026977539,4228300,0.0,0
2019-06-21,42.13068508375317,42.51902675825877,41.69056671398522,41.73371505737305,9478500,0.0,0
2019-06-24,41.86316821244074,42.89011676122458,41.69920315894124,42.78656005859375,4602300,0.0,0
2019-06-25,42.70888398014039,43.341446537486526,42.329170652525484,42.88147735595703,4005200,0.0,0
2019-06-26,43.0195558607444,44.20184094579921,42.985039159318205,43.53734588623047,5244400,0.0,0
2019-06-27,43.67542516037434,44.132803578495434,43.607247675494335,43.93431854248047,4097200,0.0,0
2019-06-28,44.04650592638479,44.18458261331357,42.355065688505206,42.553550720214844,6507400,0.0,0
2019-07-01,43.14899837959022,43.32159503151004,42.73476839018703,43.28707504272461,4641700,0.0,0
2019-07-02,43.14899697403396,43.2007769555254,42.07890040059474,42.63121032714844,4725800,0.0,0
2019-07-03,42.68299727418935,42.846965608980085,42.458623884486244,42.5708122253418,2479400,0.0,0
2019-07-05,42.29465405171646,42.6053274203082,42.2515057043027,42.553550720214844,2529800,0.0,0
2019-07-08,42.57943908657907,42.71751577356077,41.755291495026384,41.871795654296875,5936000,0.0,0
2019-07-09,41.68194141541513,41.79412975890816,40.99155794008893,41.31085968017578,4967400,0.0,0
2019-07-10,41.716457356889535,41.78549405170699,41.00881395196981,41.03470230102539,3507400,0.0,0
2019-07-11,41.19003647131854,41.47482146162042,40.715398112822974,41.233184814453125,4202000,0.0,0
2019-07-12,41.82002120179011,43.18353154685625,41.49209108427483,42.898746490478516,4328400,0.0,0
2019-07-15,42.9505157327004,43.96883241355022,42.85558740434885,43.95157241821289,4923800,0.0,0
2019-07-16,43.96883368475574,45.4315845888077,43.96883368475574,45.15111541748047,6011200,0.0,0
2019-07-17,45.01303991746719,45.13385659946683,44.21046819617507,44.52976989746094,4417500,0.0,0
2019-07-18,44.48662496507106,44.918115029314244,44.25361993533878,44.65922164916992,3620300,0.0,0
2019-07-19,44.6764841800973,44.72826417586545,44.4434791371528,44.46073913574219,3221500,0.0,0
2019-07-22,44.44692052295617,44.503875540205605,43.66678393936249,43.90842056274414,2814900,0.0,0
2019-07-23,44.01198816849363,45.65165178961328,43.96883981888692,45.41001510620117,4387700,0.0,0
2019-07-24,45.30645950574994,45.72932124295385,44.909489412543415,45.556724548339844,3516400,0.0,0
2019-07-25,44.56429120527377,44.866336211194906,43.407897755993275,43.813499450683594,4254600,0.0,0
2019-07-26,43.38200765749115,43.407896005637596,42.21698261078651,42.380950927734375,5066000,0.0,0
2019-07-29,41.871795863117015,42.18246923337718,41.405785807726765,41.46619415283203,4219800,0.0,0
2019-07-30,41.23318427069257,41.80275095177763,41.23318427069257,41.76823425292969,4194300,0.0,0
2019-07-31,41.84590508563669,42.65710516714464,41.37989505727761,41.80275344848633,5188500,0.0,0
2019-08-01,41.55249510295834,41.940833532773965,40.370209939627806,40.43061828613281,5803200,0.0,0
2019-08-02,40.29253898840912,40.99155404246662,39.15340553943172,39.351890563964844,5346400,0.0,0
2019-08-05,38.8858889798556,38.94629733046812,38.031537133751364,38.635623931884766,5147300,0.0,0
2019-08-06,38.929039508926124,39.2224529248882,37.74244166808082,38.34221267700195,4702800,0.0,0
2019-08-07,38.057418860081974,38.834102221311255,37.89345383582585,38.739173889160156,4490100,0.0,0
2019-08-08,39.00411204037027,40.40472975081383,38.99807120574736,40.378841400146484,4573400,0.0,0
2019-08-09,40.05953298096127,40.55143464596856,39.783379623909134,40.2493896484375,4468000,0.0,0
2019-08-12,40.03364062822792,40.38746228731135,39.28284896958891,39.4295539855957,4491600,0.0,0
2019-08-13,39.507229798690005,41.215930082705896,39.33463640410883,40.43061828613281,5407300,0.0,0
2019-08-14,39.52449246631645,39.82653751125176,37.97112876610472,38.04016876220703,6178300,0.0,0
2019-08-15,38.26453721184708,38.29042556102987,37.07362376932193,37.43607711791992,3494600,0.0,0
2019-08-16,37.35840622770971,38.67013626620625,36.9096562178024,38.41123962402344,4586000,0.0,0
2019-08-19,39.1447771870641,39.578854747724336,38.96355215927401,39.351890563964844,3615500,0.0,0
2019-08-20,39.04984811035045,39.04984811035045,37.168551297143125,37.246219635009766,5972800,0.0,0
2019-08-21,37.841671744417624,38.17823671024838,37.31525670885224,37.34977340698242,4397800,0.0,0
2019-08-22,37.384300010018436,37.884830079530396,36.26242646815705,36.28831481933594,6072100,0.0,0
2019-08-23,36.24517287578704,36.2624328769594,34.898922412420426,35.131927490234375,6696800,0.0,0
2019-08-26,35.61518646199455,35.68422315299423,35.04561977021496,35.226844787597656,3402400,0.0,0
2019-08-27,35.546148699222464,36.01215873760602,35.312281173990364,35.52888870239258,4152200,0.0,0
2019-08-28,35.51163443874621,36.797473016891104,35.175069415438635,36.69391632080078,4539300,0.0,0
2019-08-29,37.14140395490745,37.729277131506045,37.03611053903919,37.17649841308594,3292500,0.7,0
2019-08-30,37.58011442339611,37.72927506704802,37.088755217563055,37.40462875366211,4099200,0.0,0
2019-09-03,36.97468953718701,37.05365792229463,36.10604064811397,36.67636489868164,3343300,0.0,0
2019-09-04,37.36953510579791,37.54502079504598,36.72023905971339,37.32566452026367,2651400,0.0,0
2019-09-05,37.86088850316232,38.58037670526001,37.808241800407394,38.04514694213867,4041400,0.0,0
2019-09-06,38.20308430662064,38.3083743666827,37.430949389573975,37.939857482910156,3217900,0.0,0
2019-09-09,38.194312149120215,39.1568475560797,37.957406979043895,39.00154495239258,3848000,0.0,0
2019-09-10,39.571866767502726,40.68619693623054,39.29109103096935,40.64232635498047,4704000,0.0,0
2019-09-11,40.817812521470266,41.282846713152814,39.99303420380274,41.13368606567383,4445000,0.0,0
2019-09-12,41.30039145379416,41.40568150888254,39.984254050302674,41.212650299072266,3649700,0.0,0
2019-09-13,41.800522404049005,42.502461666441974,41.45832722282683,42.2918815612793,4027600,0.0,0
2019-09-16,42.72182207640064,43.85370113053809,42.362077960021,43.00259780883789,5040600,0.0,0
2019-09-17,42.704274839093465,43.072795094224304,41.77420644431307,42.11640167236328,3741900,0.0,0
2019-09-18,42.02866098136121,42.02866098136121,41.25652600480868,41.68646240234375,2588200,0.0,0
2019-09-19,42.221693108710205,42.476147180373275,41.66891772875236,41.80052947998047,2418300,0.0,0
2019-09-20,41.65136278667476,42.86220678854216,41.30039147339956,42.300655364990234,10570400,0.0,0
2019-09-23,41.58117220081842,42.30504852982055,41.34426703784804,42.03743362426758,3599400,0.0,0
2019-09-24,41.92336217570691,42.116396731803036,40.31767629080438,40.88800048828125,4515300,0.0,0
2019-09-25,40.84413722180227,42.090082588627396,40.47562029105116,41.835628509521484,4396200,0.0,0
2019-09-26,41.686458558443135,41.8443953196999,41.18106159184361,41.44078063964844,2994200,0.0,0
2019-09-27,41.5899516740305,42.01111532640436,41.24775306856001,41.30039978027344,3722300,0.0,0
2019-09-30,41.4671122833811,41.932149902005484,41.33550051544362,41.80931091308594,2512200,0.0,0
2019-10-01,42.06375292507012,42.61653160739918,40.27380848461767,40.335227966308594,3838400,0.0,0
2019-10-02,39.19457422333603,39.633286735424115,38.92257460799236,39.422706604003906,4759500,0.0,0
2019-10-03,39.352512151721385,39.82632248200472,38.9313485293954,39.75613021850586,3422400,0.0,0
2019-10-04,39.64205995524469,40.168513592329745,39.49289597156721,39.782447814941406,3512300,0.0,0
2019-10-07,39.554324293025076,40.159746394489765,39.27793325011491,39.6332893371582,2977900,0.0,0
2019-10-08,39.264770077704995,39.527996917183636,38.45754065702238,38.4750862121582,2985900,0.0,0
2019-10-09,38.94889715472841,39.0805122501292,38.60670192321944,38.615474700927734,2844600,0.0,0
2019-10-10,38.896251454178106,39.7385786421565,38.62424850203248,39.4139289855957,4325000,0.0,0
2019-10-11,40.14219882690575,41.87072736659344,39.925473378543984,41.35304641723633,3675700,0.0,0
2019-10-14,40.99329826499979,41.47588135963281,40.572134654386744,41.08103942871094,3196500,0.0,0
2019-10-15,41.08103680292516,42.20413969277433,40.82658275847164,41.414459228515625,3216800,0.0,0
2019-10-16,41.66891464343279,42.04620431337292,41.24774769877681,41.34426498413086,3626900,0.0,0
2019-10-17,41.625038317169796,42.59020776798129,41.36181150226141,41.94968795776367,2724400,0.0,0
2019-10-18,42.03743206177932,42.28399028344459,41.55484897608532,42.081302642822266,2757600,0.0,0
2019-10-21,42.63408080275178,42.967503239308286,41.31794330525639,41.34426498413086,3967000,0.0,0
2019-10-22,41.309171809737286,41.57590642014795,40.3791000776892,41.08103942871094,4645400,0.0,0
2019-10-23,41.04593873650652,41.686458558443135,40.84413139648079,41.44078063964844,4152000,0.0,0
2019-10-24,42.68672743803537,43.862477067765965,41.976011985586396,43.40621566772461,6098900,0.0,0
2019-10-25,43.678213659656315,44.53808972317213,42.9060821008527,44.29241180419922,5361100,0.0,0
2019-10-28,44.52931910743979,45.13474115733968,44.24854337295484,44.93293380737305,4504100,0.0,0
2019-10-29,44.71357803531112,45.30145453683453,44.19589714171742,45.17861557006836,3462100,0.0,0
2019-10-30,44.92416170511811,45.161066862233085,44.1608028747104,44.77499771118164,3602100,0.0,0
2019-10-31,44.64338847891457,44.775000231089365,43.61679940697391,44.30119323730469,3744000,0.0,0
2019-11-01,44.73112497922392,46.05603857045808,44.66093272147764,45.898101806640625,3207100,0.0,0
2019-11-04,46.19643009336715,47.74069670436028,46.02971719217799,47.530113220214844,5430200,0.0,0
2019-11-05,47.38972174283583,48.25837394660339,47.07385156130376,47.556434631347656,6044500,0.0,0
2019-11-06,47.52133500456632,48.03024308053502,47.214237611902824,47.626625061035156,3847000,0.0,0
2019-11-07,48.2057258917308,49.083150847986545,47.749464512824545,48.96031188964844,5974300,0.0,0
2019-11-08,48.69708967699619,49.12702941894531,48.27592605982142,49.12702941894531,4812000,0.0,0
2019-11-11,48.74096093501169,49.355159140403345,48.45141240855235,48.969093322753906,3184900,0.0,0
2019-11-12,49.135802738933286,49.23232002985108,47.84598684596079,48.398765563964844,2742700,0.0,0
2019-11-13,47.54765667896947,47.80211071693811,46.90713686923192,47.08262252807617,3426000,0.0,0
2019-11-14,46.76675805907519,47.503795291119815,46.6351462998133,47.33708572387695,2595500,0.0,0
2019-11-15,47.61785530826066,48.51282921285737,47.503789120694506,48.135536193847656,3865000,0.0,0
2019-11-18,48.03902094024423,48.17940881276051,47.48624222785037,47.66172790527344,3439900,0.0,0
2019-11-19,48.09165965944072,48.09165965944072,46.31926097137895,46.8457145690918,5208300,0.0,0
2019-11-20,46.626364827734164,46.89836778773007,45.71384200753252,46.21397399902344,5394100,0.0,0
2019-11-21,46.249072444755825,47.310755925838436,45.93319889898659,47.27566146850586,4618400,0.0,0
2019-11-22,47.36340006448583,47.96004931923087,47.02997763457285,47.556434631347656,3115600,0.0,0
2019-11-25,48.10043834086456,48.4601824577926,47.696823643259584,48.433860778808594,5073700,0.0,0
2019-11-26,48.477733004669055,48.916445520548415,48.10043997324394,48.58302307128906,4643800,0.0,0
2019-11-27,48.59191160886026,48.787417823391785,47.898758142746885,48.236446380615234,3926000,0.7,0
2019-11-29,47.99650266959375,48.2364411642165,47.20559618174506,47.42776107788086,1887600,0.0,0
2019-12-02,47.09896448478086,47.765459265225864,47.00121137458741,47.24114990234375,3349500,0.0,0
2019-12-03,46.17475819279613,46.21919050075945,45.36607798397965,46.05034637451172,3950100,0.0,0
2019-12-04,47.53441017701253,47.53441017701253,46.396923423949836,46.459129333496094,3791400,0.0,0
2019-12-05,46.6812928150399,46.787934419494164,45.925933428311296,46.210304260253906,2692600,0.0,0
2019-12-06,46.73461139415919,47.76545645840704,46.73461139415919,47.29446792602539,2818800,0.0,0
2019-12-09,47.9520716139524,47.96984521290102,47.09007409973217,47.338897705078125,2377200,0.0,0
2019-12-10,47.41888413066001,47.44554283799263,46.82348034381117,47.21449279785156,2609700,0.0,0
2019-12-11,47.54329713848846,48.049832930261836,47.143399568675804,47.18783187866211,3253300,0.0,0
2019-12-12,47.32112755163485,48.503046543019764,46.93900362133504,48.38751983642578,2882300,0.0,0
2019-12-13,48.556359726558576,48.71631872484988,47.321123431950326,47.347782135009766,3198600,0.0,0
2019-12-16,47.64104372093841,48.4674974552219,47.552175723185215,48.13869094848633,4040000,0.0,0
2019-12-17,48.076484217708675,48.64522922363927,47.92541370907921,48.574134826660156,2665300,0.0,0
2019-12-18,48.3075385642032,48.60079448256794,47.5788379307302,48.20978546142578,3659100,0.0,0
2019-12-19,48.3697465980295,48.76075563639195,48.040943465998176,48.44972610473633,3356000,0.0,0
2019-12-20,48.92071792685967,49.0984505525548,48.005399480986384,48.52970886230469,10476700,0.0,0
2019-12-23,48.423066439358486,48.92071368014357,48.18312792399385,48.8140754699707,2678600,0.0,0
2019-12-24,48.87627915689773,49.098444062156354,48.56524964552263,48.78741455078125,926200,0.0,0
2019-12-26,48.85850897230216,49.080673893087436,48.44972633164949,49.0717887878418,1909600,0.0,0
2019-12-27,49.13399089148352,49.36504089963112,48.62745518249646,48.7252082824707,1688500,0.0,0
2019-12-30,48.751867818448936,48.92071192767148,48.20089979733079,48.289764404296875,1943300,0.0,0
2019-12-31,48.00539733709743,48.68077721661546,47.92541782860484,48.63634490966797,2145700,0.0,0
2020-01-02,49.080673055117956,49.356158772576606,47.667704047448936,47.76545715332031,5145200,0.0,0
2020-01-03,47.19671539441919,47.63215673229213,46.57465295034741,46.58353805541992,5004300,0.0,0
2020-01-06,46.4946761765646,46.99232683905444,46.21030533798979,46.39692306518555,4293100,0.0,0
2020-01-07,46.46801457617829,47.15672378079029,46.20141735536179,46.379146575927734,5122800,0.0,0
2020-01-08,46.57465322431187,47.25003308272673,46.13920849390993,46.85902404785156,3629700,0.0,0
2020-01-09,46.8767972074281,47.16116802829471,46.04145834487838,46.379146575927734,2667800,0.0,0
2020-01-10,46.974549808135954,46.98343491308178,45.677107528122754,45.76597213745117,3277300,0.0,0
2020-01-13,45.765968680277936,46.565763663687186,45.73930997748673,46.52132797241211,2665500,0.0,0
2020-01-14,46.37914828762596,47.07230515529205,46.165871859088476,46.423583984375,3689800,0.0,0
2020-01-15,46.37914287963551,46.78792886827377,45.94370157799782,46.45023727416992,2235400,0.0,0
2020-01-16,46.72572789634002,46.98343662879029,46.36137417087266,46.63685989379883,3765600,0.0,0
2020-01-17,46.681292222018634,47.41888138860253,46.5879833617823,47.40110778808594,3897500,0.0,0
2020-01-21,47.08118371298137,47.23225760298899,46.38803033168129,46.743492126464844,4156000,0.0,0
2020-01-22,46.85902322415536,46.92122912883822,45.039047951512615,45.20611572265625,5149600,0.0,0
2020-01-23,44.6284926601162,45.099481231537624,43.67762702160436,44.6551513671875,5797600,0.0,0
2020-01-24,44.326338818701714,44.67291549701887,42.69120512897512,43.091102600097656,5919300,0.0,0
2020-01-27,42.042494338490286,42.28243287975881,41.44709053831257,41.92696762084961,4827000,0.0,0
2020-01-28,42.12246328201584,42.406834061795884,41.78477170978938,41.909183502197266,5813800,0.0,0
2020-01-29,43.52654324848741,44.38854407491886,43.18885167885956,44.13971710205078,6828000,0.0,0
2020-01-30,42.93114833374784,43.52654866404536,42.3535182130396,43.073333740234375,5644800,0.0,0
2020-01-31,42.38906800562048,42.535697668459235,40.80725144796496,40.9405517578125,7532200,0.0,0
2020-02-03,41.153825821528315,41.74034100091024,40.63840164481562,41.53594970703125,6364900,0.0,0
2020-02-04,42.34463051620015,42.99335160545771,42.15800942726164,42.70009231567383,5287000,0.0,0
2020-02-05,43.437685556391685,44.201933413888646,43.11776753325644,44.08640670776367,5403200,0.0,0
2020-02-06,44.08640767913506,44.1308399855567,43.15331568440984,43.7220573425293,5985200,0.0,0
2020-02-07,43.13554179216258,43.13554179216258,42.166902602862976,42.68232345581055,3802100,0.0,0
2020-02-10,42.477928151105,43.29549674490832,42.477928151105,42.82450485229492,2488300,0.0,0
2020-02-11,43.13553925509097,44.44186660605242,43.09999205629771,43.357704162597656,3705400,0.0,0
2020-02-12,44.157493716331295,44.76178250749184,43.53543471657836,43.88201141357422,2964200,0.0,0
2020-02-13,43.455458106757355,43.53543761060901,42.67343666798203,42.92226028442383,3302600,0.0,0
2020-02-14,43.108881159841296,43.491005107396454,42.99335783799832,43.21552276611328,3207000,0.0,0
2020-02-18,42.82450809042119,43.117767407428566,41.97050745301772,42.42461395263672,3594300,0.0,0
2020-02-19,42.49570225910342,42.9133733603974,42.131351954772725,42.264652252197266,5644900,0.0,0
2020-02-20,42.229103452991545,43.37547511947914,42.15800905973622,43.33103942871094,4154200,0.0,0
2020-02-21,43.17108729083315,43.33993140342329,42.726757467205644,42.92226028442383,3972800,0.0,0
2020-02-24,41.4204206565403,41.80254452029468,40.700605226916856,41.091617584228516,5075900,0.0,0
2020-02-25,41.322676426273624,41.35377938045813,38.72779170582978,39.05659484863281,5529300,0.0,0
2020-02-26,39.50092661269855,39.88305057685263,38.23014289748249,38.25680160522461,6470700,0.0,0
2020-02-27,37.3353829545397,37.45281574003141,35.68225408584949,35.727420806884766,10009300,0.7,0
2020-02-28,34.43563464005628,36.57657249325663,34.372400537657974,36.504302978515625,10280000,0.0,0
2020-03-02,37.082441525778044,37.41667938232422,35.935188941417096,37.41667938232422,7706700,0.0,0
2020-03-03,37.35344731096093,38.61271563238495,35.89905957948552,36.63980484008789,6765300,0.0,0
2020-03-04,37.44378603670293,37.9135275450529,36.323632678945295,37.85932540893555,4967000,0.0,0
2020-03-05,36.16103194587761,36.703043002465044,35.82679403421559,36.224266052246094,5447400,0.0,0
2020-03-06,34.97763893104612,35.85388422964346,34.60726635427831,35.20347595214844,6928400,0.0,0
2020-03-09,31.391352757468162,31.562987690258268,27.48888846013343,27.5792236328125,15081500,0.0,0
2020-03-10,29.367850595963297,30.10859934401358,26.48165488629243,28.365135192871094,12975400,0.0,0
2020-03-11,27.272082361326273,27.39855055667196,25.158247457120133,25.28471565246582,12444100,0.0,0
2020-03-12,22.99021213898074,23.83935819754825,20.225965435303728,21.382251739501953,18163300,0.0,0
2020-03-13,25.23051577431653,25.302783562177442,20.397602507492923,23.207015991210938,17350800,0.0,0
2020-03-16,20.867346440638855,22.972147947639645,19.828496222016177,19.8736629486084,12345400,0.0,0
2020-03-17,23.18894633553965,24.932408484790944,20.54213606526694,24.02906036376953,19873300,0.0,0
2020-03-18,22.439167930772914,25.555719702324645,22.14106311355491,23.884525299072266,16955900,0.0,0
2020-03-19,23.739990349628417,28.319965261459725,23.423818147902413,25.402151107788086,13893400,0.0,0
2020-03-20,25.826726258082342,26.820409664321613,24.02002978237459,24.78787612915039,12649100,0.0,0
2020-03-23,24.516872338348488,25.68219247370558,23.496089516314882,24.010997772216797,11703100,0.0,0
2020-03-24,25.889963235303778,27.06431538577874,24.300069953291374,25.718326568603516,12333600,0.0,0
2020-03-25,26.359701134595902,29.291065121298576,25.835759239904824,27.44371795654297,10539200,0.0,0
2020-03-26,27.353385871025676,28.27479978465529,26.151932756871314,26.811376571655273,14298600,0.0,0
2020-03-27,25.29374899198025,26.433773607287975,24.318133028352438,25.799623489379883,9101400,0.0,0
2020-03-30,25.573789484586467,26.549405564178954,25.12211534175661,25.88092803955078,6817000,0.0,0
2020-03-31,25.790591515810483,27.172714940772316,25.700258070375092,26.413902282714844,7599900,0.0,0
2020-04-01,25.14921247906239,25.537652456851763,24.336199493665944,24.42653465270996,10339900,0.0,0
2020-04-02,24.48977181378866,26.955912143405136,24.322651145580174,25.320852279663086,10680300,0.0,0
2020-04-03,25.095014323935843,25.808658526099965,24.769808411405357,25.26664924621582,8005100,0.0,0
2020-04-06,26.675874881666473,27.985728831916894,26.648773813440574,27.5882568359375,8021100,0.0,0
2020-04-07,29.593684420330167,31.680419925648234,28.735504695896232,29.20524787902832,15028000,0.0,0
2020-04-08,29.783392881658383,31.56298658947048,29.2323498982343,31.427486419677734,7220700,0.0,0
2020-04-09,32.29469591719937,34.092360227151865,32.104993635355044,33.02640914916992,9892300,0.0,0
2020-04-13,32.945114134919386,33.333554185862525,31.228750958845033,31.824960708618164,7170600,0.0,0
2020-04-14,32.85477573295957,33.55035431687653,31.698491045928883,31.951427459716797,7348800,0.0,0
2020-04-15,30.57833515022074,30.57833515022074,28.789707853161097,29.114912033081055,7586700,0.0,0
2020-04-16,29.53045522723634,29.53045522723634,27.687625557448353,28.572906494140625,6918500,0.0,0
2020-04-17,29.846627675661615,30.7680433248231,29.44915223131734,30.189897537231445,6544100,0.0,0
2020-04-20,29.069744713351213,29.65692240885762,28.45546767515984,28.482568740844727,7140700,0.0,0
2020-04-21,27.46178286706268,28.148327654114226,26.757172426851753,27.895389556884766,7315100,0.0,0
2020-04-22,28.72647281848241,28.929728236372615,27.89539238393135,28.76260757446289,5331100,0.0,0
2020-04-23,28.99747262079578,30.10859381586136,28.91617115398609,29.413015365600586,7724700,0.0,0
2020-04-24,29.846625841480442,30.126661582604527,29.123947958902217,29.91889190673828,4979100,0.0,0
2020-04-27,30.090531812468924,31.386834361477625,29.638857681998964,31.111312866210938,4885900,0.0,0
2020-04-28,32.050797585651516,32.69217405791842,31.355218974291507,32.40310287475586,5868600,0.0,0
2020-04-29,33.42388635684308,34.408536119790085,33.3335529072517,33.84846115112305,6887300,0.0,0
2020-04-30,33.66778434569007,33.74005040229657,32.565698552944795,33.14384078979492,10990200,0.0,0
2020-05-01,31.373286012791098,31.698491951812304,30.298302777471264,30.65060806274414,8709300,0.0,0
2020-05-04,28.997477650285298,29.936960663924477,28.69034082828794,29.864694595336914,6248300,0.0,0
2020-05-05,30.379602084940096,31.210680806431153,30.018261412813523,30.144729614257812,5041600,0.0,0
2020-05-06,29.548519075749688,30.149246461498176,28.798740131544786,28.871007919311523,4601500,0.0,0
2020-05-07,29.38591285930503,30.533165370327946,29.367845483619682,29.674983978271484,5056200,0.0,0
2020-05-08,30.51510332864007,31.04807894352278,30.144730677348708,31.011947631835938,4175700,0.0,0
2020-05-11,30.894510327330416,30.930645083771747,29.882761268973407,30.623506546020508,4321000,0.0,0
2020-05-12,30.939676855411577,31.987560663623473,30.488002740734036,30.524137496948242,5675400,0.0,0
2020-05-13,30.262164168069322,30.319074855556984,28.717439600261567,29.223312377929688,5865200,0.0,0
2020-05-14,28.175430560834233,30.30733112003783,27.913458758393997,30.271196365356445,6187900,0.0,0
2020-05-15,30.000194152177503,30.695772708847088,29.656924302912035,30.316368103027344,4829200,0.0,0
2020-05-18,32.412138155674434,34.33626756464317,32.25856715186924,33.18901824951172,8544900,0.0,0
2020-05-19,33.089643950310865,33.134810668953435,32.14112907481787,32.19532775878906,4415500,0.0,0
2020-05-20,32.82767538247934,33.4238850867269,32.303731745958714,32.68313980102539,5656200,0.0,0
2020-05-21,32.52053600011416,33.20707913276547,32.21339746671753,32.357933044433594,3941800,0.0,0
2020-05-22,32.231464791020684,32.683138901381405,31.951425602037048,32.628936767578125,3040600,0.0,0
2020-05-26,34.65243828545151,35.18541387332055,34.25496286304071,35.04087829589844,6188600,0.0,0
2020-05-27,36.088757323966306,36.734651354018,35.25767527913078,35.97132110595703,6895200,0.0,0
2020-05-28,36.38510338632529,36.49544388611172,35.26329719756931,35.594322204589844,5266800,0.7,0
2020-05-29,35.070200665051175,35.851788271544514,34.68400715955616,35.4931755065918,5254200,0.0,0
2020-06-01,35.502376556396484,35.87017943491444,35.10698591893498,35.502376556396484,3014400,0.0,0
2020-06-02,36.04488394266452,37.91149284520015,35.94373702540494,37.33219909667969,6083400,0.0,0
2020-06-03,38.15057332185112,38.89537616589846,38.12298556297635,38.27930450439453,5160600,0.0,0
2020-06-04,38.15976405324321,39.31834811727187,37.99425154300177,39.27237319946289,3901500,0.0,0
2020-06-05,41.11139882494568,42.04930189986013,40.308666992069554,40.43096160888672,7656600,0.0,0
2020-06-08,40.53211488128323,42.23321169545005,40.53211488128323,42.20562744140625,5727300,0.0,0
2020-06-09,40.89071659164609,41.21254452103529,40.384062970100196,40.83554458618164,5535400,0.0,0
2020-06-10,40.81715618606123,40.9183031145365,39.90684084510696,40.07235336303711,4267700,0.0,0
2020-06-11,37.90690172723166,38.656306665917946,35.815012876791194,36.100059509277344,9225100,0.0,0
2020-06-12,38.4540115254265,38.54136633323392,36.76670697118492,37.9114990234375,5034900,0.0,0
2020-06-15,36.302350361307106,39.03330340430624,36.12764426214472,38.601131439208984,5665300,0.0,0
2020-06-16,40.60566415333261,40.91829848430566,38.1045895055482,38.849395751953125,5592400,0.0,0
2020-06-17,39.26317957776337,39.35145338415435,37.72759206939289,37.8563232421875,3525100,0.0,0
2020-06-18,37.378186633856735,38.610333593579234,37.129917823950485,38.233333587646484,4106800,0.0,0
2020-06-19,39.19880913612658,39.53902769460955,38.13217504095053,38.29768753051758,7494400,0.0,0
2020-06-22,38.122985331209364,38.73906049662955,37.396569653945875,38.38045120239258,3316000,0.0,0
2020-06-23,39.06089313158694,39.06089313158694,38.00345579208383,38.02184295654297,3603900,0.0,0
2020-06-24,37.3322048302795,37.44254885205211,35.23571752386364,35.355255126953125,7707200,0.0,0
2020-06-25,34.941469967559804,36.808078951269934,34.64722629055116,36.76210403442383,5986900,0.0,0
2020-06-26,36.37590715129921,36.78049129276163,35.61271027329713,36.596588134765625,8333800,0.0,0
2020-06-29,37.11152478785838,37.8793168778639,36.95520584002569,37.68162155151367,7756700,0.0,0
2020-06-30,37.32300511579121,37.65403011138936,36.55980820842201,37.47932052612305,4835300,0.0,0
2020-07-01,37.470130920410156,37.97586204725149,37.08393738969326,37.470130920410156,4023600,0.0,0
2020-07-02,38.306888784679934,38.84940127414007,37.61725444253543,38.242523193359375,4017500,0.0,0
2020-07-06,39.198814820698416,39.3367395768987,38.21493682762492,39.033302307128906,4679000,0.0,0
2020-07-07,38.380451084733586,38.68388836828787,37.85632576284598,38.33447265625,4535900,0.0,0
2020-07-08,38.15056864186576,38.41722455542534,36.44487015942112,37.10232162475586,4824200,0.0,0
2020-07-09,37.139105260743285,37.25864285484332,36.01729901071543,36.265567779541016,3671900,0.0,0
2020-07-10,36.26556454737057,37.53449252794311,36.249934409401845,37.47932052612305,3007800,0.0,0
2020-07-13,37.791957763026375,38.47239847386472,37.240251733009316,37.920692443847656,3089000,0.0,0
2020-07-14,37.994252164087676,39.24478959183802,37.92069299592313,39.024105072021484,4350800,0.0,0
2020-07-15,40.13671574977673,40.55049350392309,39.12984859732168,39.842472076416016,3788300,0.0,0
2020-07-16,39.71374370189378,40.70222034315759,39.391915729232,40.3022346496582,4259800,0.0,0
2020-07-17,40.522908111267206,40.5964707813605,39.50224886352027,40.15510177612305,4610600,0.0,0
2020-07-20,39.851664139240135,40.15969992498897,38.72985798497733,38.89537048339844,3580900,0.0,0
2020-07-21,39.07927953806711,39.934426406218925,39.033304616613485,39.5758171081543,3399600,0.0,0
2020-07-22,39.483864154309764,40.91830486864287,39.433290687904126,40.771183013916016,5792500,0.0,0
2020-07-23,39.539036237486194,39.72293943314638,38.509183252515555,39.3735237121582,6574300,0.0,0
2020-07-24,39.37352049780377,39.980398538575194,38.895373631186665,39.180423736572266,2999600,0.0,0
2020-07-27,39.36433090080589,40.89991507313243,39.01491517298299,40.45854949951172,4733600,0.0,0
2020-07-28,40.219477476273674,40.47693984859129,39.162036719691876,39.18962097167969,3395400,0.0,0
2020-07-29,39.35512757248293,40.12384205182553,39.29995907681506,40.01717758178711,3186900,0.0,0
2020-07-30,39.226393023624354,39.38271193241507,38.01263711632376,38.371246337890625,4118700,0.0,0
2020-07-31,38.15057482564493,38.54596197004409,37.32301218001463,37.755184173583984,7462100,0.0,0
2020-08-03,37.90230460583458,37.92069527589681,36.854060965918855,36.86325454711914,5079900,0.0,0
2020-08-04,36.817276527574876,38.495387322175795,36.688545355633785,37.9942512512207,5408800,0.0,0
2020-08-05,38.527572414891466,39.060887803004334,38.389644146629365,38.610328674316406,3563600,0.0,0
2020-08-06,38.33446800942402,38.9110047413153,37.75149822690585,38.66549301147461,3724900,0.0,0
2020-08-07,38.23332707859886,39.2309971856175,38.10827193365632,39.198814392089844,2913100,0.0,0
2020-08-10,39.364325208558355,41.27690908434709,39.364325208558355,41.19415283203125,4245900,0.0,0
2020-08-11,41.87459043527592,42.36193082544016,40.7711749881986,40.918296813964844,4373800,0.0,0
2020-08-12,41.58035501402888,41.727476868915964,40.394183085942075,40.71601104736328,2577300,0.0,0
2020-08-13,40.329820998283935,41.258527130275816,40.19189271273945,40.85394287109375,2767100,0.0,0
2020-08-14,40.412572275992325,41.506790812406116,40.30223176578409,41.258522033691406,1998300,0.0,0
2020-08-17,41.47000667592561,41.78264102347944,40.65164122406271,40.88151931762695,3257300,0.0,0
2020-08-18,40.83555136117922,41.40564814825075,40.7436015111445,41.11140441894531,2447100,0.0,0
2020-08-19,41.093006319294666,41.47000624854833,40.6884221415492,41.04703140258789,3453400,0.0,0
2020-08-20,40.47692934068239,40.58726982765075,40.02636679843194,40.17348861694336,3324000,0.0,0
2020-08-21,39.9987905248136,40.33900914023575,39.76891241834915,40.081546783447266,2511600,0.0,0
2020-08-24,40.734393501451216,42.43549333235751,40.47693118424505,42.40790557861328,4609000,0.0,0
2020-08-25,42.67457025943349,42.90444835897959,41.81298688978304,41.920570373535156,4188000,0.0,0
2020-08-26,42.003328533994434,42.90445030415022,41.63552215498075,42.610206604003906,3928500,0.0,0
2020-08-27,42.92284141359455,43.17111019582296,42.12286656485519,42.44469451904297,3702300,0.0,0
2020-08-28,42.398010671392335,43.14494694763044,41.98719660987965,42.99555969238281,3772900,0.7,0
2020-08-31,42.93953565241219,43.05157518765599,42.09923023390212,42.12723922729492,3916800,0.0,0
2020-09-01,41.81913188823903,44.143971069707156,41.5203574035658,44.13463592529297,5428300,0.0,0
2020-09-02,44.51744851448657,46.01132119148004,44.274691978429246,45.95530319213867,7305900,0.0,0
2020-09-03,46.01131810068654,46.49682757851385,44.74152462970329,45.18035125732422,6726900,0.0,0
2020-09-04,46.02065447729624,46.403459528280784,44.890913175814156,45.37641906738281,5325900,0.0,0
2020-09-08,44.52677566473793,45.20368938250342,44.288692086943335,44.750858306884766,4280800,0.0,0
2020-09-09,45.348411076122716,46.571521662071866,45.283054375360166,45.96463394165039,4168100,0.0,0
2020-09-10,46.029988886153255,46.45014163336248,45.43243989531033,45.46978759765625,4211300,0.0,0
2020-09-11,45.945957640525755,47.07569890682457,45.78723525047001,46.54350662231445,6225700,0.0,0
2020-09-14,46.74891953125699,47.159733601943074,46.39879281004526,46.76759338378906,5298900,0.0,0
2020-09-15,47.25309878379457,48.140087113264705,47.04768998535417,47.682586669921875,4771700,0.0,0
2020-09-16,46.86095451819839,47.7105951364082,46.151365999494544,46.40345764160156,5863500,0.0,0
2020-09-17,46.09534221022064,47.850644913587416,45.60983280028206,47.58921813964844,5253700,0.0,0
2020-09-18,47.178409481799676,47.83198010181442,46.916982658463105,47.029022216796875,6271100,0.0,0
2020-09-21,45.787238681948075,46.0580041976361,44.05060959742922,44.7321891784668,6468800,0.0,0
2020-09-22,44.797543368796084,44.960935115076225,44.069280978705805,44.62948226928711,4181900,0.0,0
2020-09-23,44.51744304060445,44.928257085845445,43.38770174493697,43.639793395996094,4018000,0.0,0
2020-09-24,43.574433242986146,43.873211304058444,42.659435893366606,43.33168029785156,4648700,0.0,0
2020-09-25,42.73413346372243,43.32234734744236,42.60342005882315,42.98622512817383,4090200,0.0,0
2020-09-28,43.41571021380382,45.07764378762914,43.41571021380382,44.33070755004883,3993100,0.0,0
2020-09-29,44.09729050924873,44.61080895878492,43.19162830221399,43.4810676574707,2716800,0.0,0
2020-09-30,44.059939309866415,44.92825374505715,43.51841190693729,43.92922592163086,4663200,0.0,0
2020-10-01,44.07861539129157,44.34938088729973,42.883517425011235,43.051578521728516,3407600,0.0,0
2020-10-02,42.36066488226914,44.32137670291932,42.13658577010375,44.17198944091797,4559000,0.0,0
2020-10-05,44.72284945806632,45.64064623141395,44.536114515947226,45.35774612426758,3913400,0.0,0
2020-10-06,45.86192423132069,46.487485731255994,44.68550019202298,44.70417404174805,4474700,0.0,0
2020-10-07,45.23637704604726,45.805917132190864,44.81622423154186,45.0963249206543,4506400,0.0,0
2020-10-08,45.395094601530445,46.132695734469614,45.26064856462842,46.10468673706055,2962000,0.0,0
2020-10-09,46.49682401593007,46.76758951272347,45.469787143388565,46.08600997924805,4472800,0.0,0
2020-10-12,46.12335618145036,46.21672187167352,45.06083795808222,45.35774612426758,3005700,0.0,0
2020-10-13,45.264375286809305,45.731210844917904,44.62947864284779,44.70417404174805,6832200,0.0,0
2020-10-14,44.66683137364147,45.72188085107772,44.27468760858876,45.59116744995117,5322100,0.0,0
2020-10-15,44.70417804655135,45.819914845449865,44.66683034375544,45.75922393798828,2793200,0.0,0
2020-10-16,46.09534403127182,46.678888504491134,45.871264948092374,46.02998733520508,2754300,0.0,0
2020-10-19,46.058002473948406,46.991673683442535,45.50713631787995,45.600502014160156,2903500,0.0,0
2020-10-20,46.07667599644381,46.823615865780205,45.94596258781192,46.06734085083008,2503600,0.0,0
2020-10-21,46.10468746647029,46.41746648139701,45.32973861694336,45.32973861694336,4092500,0.0,0
2020-10-22,46.50616515400285,46.8329486591696,44.02259982971633,45.58182907104492,5244000,0.0,0
2020-10-23,46.23539790738951,46.63687680533617,45.199022313232916,45.31106185913086,3123400,0.0,0
2020-10-26,44.76019580374129,44.94693075506605,43.711685587722634,44.02259826660156,4026400,0.0,0
2020-10-27,43.80785115399201,44.059942806311156,43.31300655592461,43.4810676574707,4141200,0.0,0
2020-10-28,41.95918302779092,42.668775144170155,41.38964657969648,42.183265686035156,6157100,0.0,0
2020-10-29,41.669746593664385,43.56509798721794,41.613725039542246,43.18229293823242,4300100,0.0,0
2020-10-30,42.81816319906866,43.12627285305265,41.76311371137287,42.47270584106445,5165900,0.0,0
2020-11-02,43.18229175557921,44.87223786108087,42.83683441880298,44.648155212402344,3675800,0.0,0
2020-11-03,45.049637153633036,45.777899578246526,44.49877098172272,45.497798919677734,3293500,0.0,0
2020-11-04,44.7695368648647,45.1336680801792,43.184161354359524,43.3690299987793,4542300,0.0,0
2020-11-05,43.78918268019616,46.17004363527291,43.770508827952945,45.72188186645508,4253000,0.0,0
2020-11-06,45.964631252620265,46.515497385158525,44.845158295039475,45.03096008300781,3061500,0.0,0
2020-11-09,48.1680963925799,50.58630489495751,48.12141354584284,48.662940979003906,9208300,0.0,0
2020-11-10,48.8590240553382,50.138152823283754,48.616267506818744,49.91407012939453,6148700,0.0,0
2020-11-11,49.95141170835167,50.049446761873824,48.56957869036253,48.74697494506836,4118500,0.0,0
2020-11-12,48.30815358551017,48.61626325578377,47.187747337380216,47.65458297729492,3467600,0.0,0
2020-11-13,46.93565398184415,48.672283069938715,46.8702972795329,48.52289581298828,3482900,0.0,0
2020-11-16,49.99809394789561,50.36222515986712,48.68161764832846,50.35289001464844,4075600,0.0,0
2020-11-17,49.633959813714476,50.94110089110474,49.32585017621441,50.86640548706055,4795000,0.0,0
2020-11-18,51.02513487181807,52.54235064220447,50.91309175821564,51.63201904296875,5903500,0.0,0
2020-11-19,51.267889808825025,51.80942086047426,50.34355367509291,51.669368743896484,3514000,0.0,0
2020-11-20,51.41727901691449,51.74406255239851,50.679677823480944,51.099830627441406,2871700,0.0,0
2020-11-23,51.61334182876614,52.556351717626164,51.61334182876614,52.22956466674805,4560700,0.0,0
2020-11-24,53.21925740867672,54.32098968908842,52.855126217327125,53.90083694458008,4442800,0.0,0
2020-11-25,53.63940627461333,53.63940627461333,52.43963903418157,52.68706130981445,4158500,0.0,0
2020-11-27,52.85724332252386,52.98959856888136,52.00638301535421,52.375091552734375,2847400,0.7,0
2020-11-30,51.892928057765474,51.99692247975048,49.917044859278576,50.115577697753906,8760600,0.0,0
2020-12-01,51.458049416085146,51.458049416085146,50.011590618543636,50.6071891784668,4328700,0.0,0
2020-12-02,50.408654803416056,50.64027645861617,49.81305265506332,50.29520797729492,3723000,0.0,0
2020-12-03,50.09667262425698,50.94658430795954,49.9170445849394,50.673362731933594,3213800,0.0,0
2020-12-04,50.8719009995553,52.091462477502304,50.86244499377357,52.044193267822266,3294500,0.0,0
2020-12-07,51.930747612883636,51.940200012468715,50.125036353725704,50.30466079711914,3602700,0.0,0
2020-12-08,50.01158576573118,51.68493805999279,49.91704374494197,51.57149124145508,3161500,0.0,0
2020-12-09,51.94019797321522,52.705972140287344,51.382412652945035,51.67548751831055,3219100,0.0,0
2020-12-10,51.6754872041667,52.100917294398286,51.08934108340843,51.458045959472656,3402000,0.0,0
2020-12-11,51.32569157935009,51.47695521321509,50.645003423752826,51.0515251159668,2674800,0.0,0
2020-12-14,51.61876440872148,51.77002804717949,50.13448882934931,50.1628532409668,3121900,0.0,0
2020-12-15,50.90972056305199,51.19334306938118,50.247944332043836,51.174434661865234,2335500,0.0,0
2020-12-16,51.07988493936179,51.15551855804656,50.33302279010163,50.89080810546875,1948800,0.0,0
2020-12-17,51.2406045758622,51.36350740302023,50.65918285305373,50.89080810546875,2222300,0.0,0
2020-12-18,52.10091922959989,52.70597377755435,51.27842342887489,52.620887756347656,11536700,0.0,0
2020-12-21,51.09879629513733,52.186006184859046,50.79626901574531,52.07255935668945,4458800,0.0,0
2020-12-22,52.00637601016748,52.252181668644575,51.467499090349335,51.684940338134766,2268300,0.0,0
2020-12-23,52.01583240047569,52.72488136404857,51.74166593568923,51.76057434082031,2251600,0.0,0
2020-12-24,51.92129247822833,51.96667193109942,51.3682351297746,51.79839324951172,1074700,0.0,0
2020-12-28,52.252189192053166,52.7248885656671,51.22170441331839,51.32569885253906,3668200,0.0,0
2020-12-29,51.52422234383192,51.826749599356354,50.90971182744266,51.36350631713867,2222000,0.0,0
2020-12-30,51.382412267019134,52.62088572649588,51.3351430584854,52.441261291503906,3790000,0.0,0
2020-12-31,52.44126657367608,53.0368651527301,52.100922467696755,52.469627380371094,2663500,0.0,0
2021-01-04,52.77214853098529,53.05671226341287,50.72063534020026,51.08934020996094,4852800,0.0,0
2021-01-05,51.18388092124812,53.10303897372635,51.051525690926795,52.75324249267578,3112800,0.0,0
2021-01-06,53.84045725364579,55.97705675134067,53.462296327096844,55.239646911621094,6208400,0.0,0
2021-01-07,55.77851636241776,56.50647370364556,54.93238419838823,55.315269470214844,4437600,0.0,0
2021-01-08,55.18292182230573,55.646168778112354,54.59677563052602,55.03165817260742,4063500,0.0,0
2021-01-11,54.54950167385446,55.73124996138853,54.124071569060284,55.64616394042969,3455900,0.0,0
2021-01-12,56.0810474208253,57.867850285651556,55.77852014246369,57.70713424682617,6235000,0.0,0
2021-01-13,57.43296938760986,57.962393942823724,56.402484689732155,56.752281188964844,3236300,0.0,0
2021-01-14,56.922449170242494,57.19661563136915,56.17558340637725,56.393028259277344,3578800,0.0,0
2021-01-15,55.41926749223543,55.608347942285796,54.01062553249993,54.1807975769043,6692900,0.0,0
2021-01-19,54.60622480787584,55.02220252480189,53.254308047095186,54.407691955566406,4919300,0.0,0
2021-01-20,54.71021806663564,55.42872304973093,54.10516351649831,55.37199783325195,3724400,0.0,0
2021-01-21,55.315270561271205,55.56107621713642,54.18079512512532,54.417144775390625,3442000,0.0,0
2021-01-22,53.87827230228501,54.62986252100293,53.76482186419155,54.36042404174805,2621500,0.0,0
2021-01-25,53.75536329821445,54.28478418961767,52.620884292278575,54.105159759521484,3682400,0.0,0
2021-01-26,54.72913063219989,55.06947474412478,52.65870875986996,52.69652557373047,3060300,0.0,0
2021-01-27,51.656580522779976,52.07255822773265,49.78469166972162,51.420230865478516,6283500,0.0,0
2021-01-28,51.18388078967988,51.85511294538948,50.10612693822288,51.4107780456543,5817000,0.0,0
2021-01-29,50.90971319824389,51.71803217537336,48.93382997879182,49.06618881225586,8895400,0.0,0
2021-02-01,49.529433595979924,49.95486370030922,48.527313357348206,49.86977767944336,4128300,0.0,0
2021-02-02,50.63555176728957,51.87402166072529,49.98322440646905,51.62821960449219,5229500,0.0,0
2021-02-03,51.34460411353351,52.37036082587253,51.08840115529032,52.327816009521484,3984200,0.0,0
2021-02-04,52.44126756041473,53.292124234963026,51.826756956788294,53.263763427734375,4312200,0.0,0
2021-02-05,53.641917103274075,54.67240170140664,53.358294643685234,54.11461639404297,3732500,0.0,0
2021-02-08,54.59676974287144,55.07892144728701,54.086253627789425,54.21860885620117,2543200,0.0,0
2021-02-09,54.360419818902976,54.37460022096065,53.29211838484118,53.509559631347656,4209500,0.0,0
2021-02-10,53.88772188679815,55.1923730054311,53.396114166640665,54.52113723754883,3453000,0.0,0
2021-02-11,54.653496075075886,54.77639530030808,53.59464701331689,54.52113723754883,2326500,0.0,0
2021-02-12,54.417152045561814,55.08838427645412,54.30842960509422,54.974937438964844,1975100,0.0,0
2021-02-16,55.68397889591734,56.114133382915085,55.34363482342142,55.54216766357422,4072700,0.0,0
2021-02-17,55.381460003671904,55.693439713008495,54.4644220704398,55.34364318847656,3277800,0.0,0
2021-02-18,55.11673772058662,55.46180979679412,53.98225867803128,54.417144775390625,3112600,0.0,0
2021-02-19,54.596772771765764,57.224979900061136,54.596772771765764,57.09262466430664,4037100,0.0,0
2021-02-22,57.31006605451303,59.14414177245946,56.91300034634506,59.06850814819336,5672600,0.0,0
2021-02-23,59.50339129772851,59.5317557103331,58.15147090415803,58.72816467285156,4147200,0.0,0
2021-02-24,58.61471802354954,60.48660697282276,58.56083104904822,60.212440490722656,4668600,0.0,0
2021-02-25,59.724925845804506,60.06618598600962,58.42967540127694,58.644752502441406,3260300,0.7,0
2021-02-26,58.166800262887755,58.357981934572955,56.20719633271041,56.69470977783203,6399700,0.0,0
2021-03-01,58.45357939848738,59.52419174284588,57.899152869675675,58.82638168334961,4083800,0.0,0
2021-03-02,59.46683442022486,61.21614188650964,59.07491361332585,59.963905334472656,7316000,0.0,0
2021-03-03,59.744045916331345,60.59480054674195,59.275650991892945,59.505069732666016,5390300,0.0,0
2021-03-04,59.323451985614994,59.85875632889842,57.44031840131119,58.501373291015625,6050400,0.0,0
2021-03-05,59.38079786548739,60.26023206970285,58.07120947126695,60.135963439941406,3883800,0.0,0
2021-03-08,60.38450247342314,61.435996260136285,59.75360547209779,60.64259719848633,4437600,0.0,0
2021-03-09,60.86245494358848,60.9006920095379,59.18006415317454,59.51462936401367,5823200,0.0,0
2021-03-10,59.85875378649047,61.61761865361812,59.61977760153555,61.26393127441406,4238500,0.0,0
2021-03-11,61.49335244055933,62.3918979189061,61.388202337831366,61.48379135131836,3651800,0.0,0
2021-03-12,61.82791819971373,62.18160557512199,61.06319514536249,61.502906799316406,2690800,0.0,0
2021-03-15,61.24481826757724,61.45511848366568,59.696253562574334,60.12641143798828,5353300,0.0,0
2021-03-16,59.92566711303119,61.01540158468428,59.13226807136141,60.39406204223633,6461600,0.0,0
2021-03-17,60.68082855083739,63.32868494774021,60.39405787659784,63.09926986694336,5138900,0.0,0
2021-03-18,63.14706641567346,64.30371030568158,61.78012231057757,61.86615753173828,4203500,0.0,0
2021-03-19,61.866157338588756,61.94263146983184,59.89699221692675,61.09187316894531,6445800,0.0,0
2021-03-22,60.986720231686775,60.986720231686775,59.64845581541952,60.70950698852539,4631100,0.0,0
2021-03-23,59.90654811314825,59.92375588617978,57.736647569223734,58.07121276855469,5523500,0.0,0
2021-03-24,58.88373230111875,60.62347868866403,58.695420403567255,59.3043327331543,4322600,0.0,0
2021-03-25,58.75946793386039,60.51833287313539,58.549167715597804,60.451419830322266,3921200,0.0,0
2021-03-26,60.594801368561484,61.31172992928083,60.30803067357119,61.1683464050293,4256300,0.0,0
2021-03-29,60.81465773432253,62.248518471866085,60.69995018805442,61.082313537597656,3193700,0.0,0
2021-03-30,60.91025453456696,61.933072370648176,60.68083577995171,61.761009216308594,2605100,0.0,0
2021-03-31,61.43599875320812,62.095575403964304,60.70951270415071,61.12055206298828,3643800,0.0,0
2021-04-01,61.13010986684399,61.86615696643827,60.68083346471166,61.75144577026367,3698900,0.0,0
2021-04-05,62.133806759792776,62.344106964932564,61.416878220256706,61.74188232421875,4077900,0.0,0
2021-04-06,61.40731947471443,62.50661140255372,61.30216936813135,61.75144577026367,3420300,0.0,0
2021-04-07,61.64629513235497,62.10513262012412,60.852896087998914,61.1683464050293,2374000,0.0,0
2021-04-08,61.04407591655688,61.20657796841391,59.858752460974024,60.40361785888672,3638900,0.0,0
2021-04-09,60.40362184132926,60.757309236020035,59.782285921132704,60.35582733154297,3721000,0.0,0
2021-04-12,60.79554098488999,61.32129151755018,60.50877028756723,60.97716522216797,3143800,0.0,0
2021-04-13,60.78598560879628,60.87201718556731,59.69625473402152,60.518333435058594,4471600,0.0,0
2021-04-14,60.7859860016694,61.92351139389405,60.566128336608536,61.40732192993164,4234400,0.0,0
2021-04-15,62.019098835788014,62.057335901734895,60.98672358063343,61.72277069091797,2632500,0.0,0
2021-04-16,62.39189930351881,62.621321692548065,61.42644076500809,61.827919006347656,3698800,0.0,0
2021-04-19,61.94263143318224,62.172046533801186,61.12054910875463,61.70365524291992,2566600,0.0,0
2021-04-20,61.17790550284127,61.22570365870522,59.533748125576466,59.72492980957031,4532200,0.0,0
2021-04-21,59.70580672427094,62.15292042405326,59.6245556998769,61.96174240112305,4283500,0.0,0
2021-04-22,61.17790187769754,61.22570003072918,58.04253557334142,58.2432746887207,12028900,0.0,0
2021-04-23,58.40577671752907,59.73448733646715,57.78444083971789,59.37124252319336,5682300,0.0,0
2021-04-26,59.610223827246756,60.049939159468735,59.1991844721083,59.457279205322266,4871600,0.0,0
2021-04-27,59.52419107574536,60.07861395185613,58.998444176152645,59.88743591308594,3781300,0.0,0
2021-04-28,60.25067761483351,61.24004257094402,59.935230930998,60.518333435058594,5584300,0.0,0
2021-04-29,61.00584489659342,61.83748470968321,60.63782314790626,61.235260009765625,4366000,0.0,0
2021-04-30,60.65215934746154,60.90069298714772,59.5528673859369,59.744049072265625,4932300,0.0,0
2021-05-03,60.39406309481159,62.16726963546678,60.33670749641321,61.70365524291992,6327800,0.0,0
2021-05-04,61.416884649363546,63.34780917573414,60.986726751315636,63.300018310546875,7367200,0.0,0
2021-05-05,63.55809696995688,65.22615317906282,63.223531807192046,65.06842803955078,7467100,0.0,0
2021-05-06,65.02063203321373,66.04344973192511,64.20811452744796,65.99565887451172,4670600,0.0,0
2021-05-07,65.33608232263212,66.2633110135429,64.79121695589754,65.99565887451172,5174900,0.0,0
2021-05-10,66.67435277528233,67.48687031108163,65.63242015368684,65.69933319091797,5039000,0.0,0
2021-05-11,64.848573060408,65.86183702839669,64.23679461968523,65.54638671875,5693400,0.0,0
2021-05-12,65.71845550014463,66.05302072409583,64.42798546891859,64.6191635131836,4886200,0.0,0
2021-05-13,64.48533174648811,65.57506254740646,64.35150566868931,65.07799530029297,3068400,0.0,0
2021-05-14,65.47947651407368,66.951570729839,65.35521151988279,66.7508316040039,4817200,0.0,0
2021-05-17,66.51185565973553,67.94571281501194,66.4067055515773,67.78321075439453,3607500,0.0,0
2021-05-18,67.86924690094932,68.23248813213111,66.44495066294846,66.46406555175781,3523800,0.0,0
2021-05-19,65.4794769296246,65.87140138705747,64.30371085030059,65.52727508544922,4398500,0.0,0
2021-05-20,65.4412314184396,65.6897686692998,64.86769008743227,65.25005340576172,3126500,0.0,0
2021-05-21,65.65154232499303,66.53097299562566,65.52727732576503,65.79492950439453,3855700,0.0,0
2021-05-24,66.52141459039328,66.92290016751669,66.0482463601383,66.48318481445312,3420100,0.0,0
2021-05-25,66.3971370830585,67.34348065833987,65.91918475108172,65.99565887451172,4419400,0.0,0
2021-05-26,65.79491384339194,66.56919421769507,65.20225037965764,66.50228118896484,6059200,0.0,0
2021-05-27,66.93682054367372,67.5548171461197,65.89394851438338,66.29951477050781,6256600,0.7,0
2021-05-28,66.70507745879195,66.79197978263211,65.38217449256143,66.06776428222656,3815200,0.0,0
2021-06-01,66.7919820228193,68.10522676363537,66.48298369363324,67.9893569946289,4139100,0.0,0
2021-06-02,67.9024392925696,67.9024392925696,66.49263412148242,66.57953643798828,4797800,0.0,0
2021-06-03,66.96578819105724,68.26937454816407,66.08804235229684,68.1824722290039,4322500,0.0,0
2021-06-04,68.55906774158329,68.69425404635355,67.47756993632024,67.95072937011719,3041900,0.0,0
2021-06-07,67.95072944015806,68.04729003407904,66.52160760198383,66.85957336425781,2803900,0.0,0
2021-06-08,66.64713457967744,67.3230734605993,65.9615447964874,66.99475860595703,3469400,0.0,0
2021-06-09,66.86922799810618,67.1202914223313,66.1160450925315,66.47332000732422,3379200,0.0,0
2021-06-10,67.58378330199265,67.7575953035728,65.61391640645105,65.65254211425781,4022000,0.0,0
2021-06-11,66.11604378935334,66.64713070012616,65.50769809522556,65.66220092773438,2726100,0.0,0
2021-06-14,65.49805161690072,65.83601737696245,64.33930239613065,64.657958984375,3712800,0.0,0
2021-06-15,64.60967943449519,65.10697346607493,64.15583656285526,64.90901947021484,3255000,0.0,0
2021-06-16,64.70623936011893,64.81245821695013,62.95846104041486,63.335052490234375,5428800,0.0,0
2021-06-17,63.50886735354793,63.537842161615515,60.1871373039239,61.35553741455078,5696100,0.0,0
2021-06-18,60.39957034064648,60.882380661009044,59.75260627946485,59.84916687011719,8745300,0.0,0
2021-06-21,60.969282685176296,61.75047158902652,60.631316956409314,60.94031524658203,5260000,0.0,0
2021-06-22,61.27828408092238,61.625908095871765,60.525101170898964,61.31690979003906,4019100,0.0,0
2021-06-23,61.799718914506926,62.06043323715325,60.93065889385156,60.97894287109375,3254400,0.0,0
2021-06-24,61.58727926552174,61.63556324124574,60.602345834264874,60.94031524658203,4253700,0.0,0
2021-06-25,61.0755062173718,61.674189990005665,60.94031991550775,61.114131927490234,4259700,0.0,0
2021-06-28,61.12378725394395,61.12378725394395,60.03263487295362,60.73754119873047,2727000,0.0,0
2021-06-29,61.104474280095054,61.61625573549695,60.42854276389529,60.814788818359375,2652900,0.0,0
2021-06-30,60.68925594281442,61.432784279995616,60.59269535192873,61.10447311401367,3356500,0.0,0
2021-07-01,62.012157819937826,62.20527899842049,61.2396583718057,61.31690979003906,3324700,0.0,0
2021-07-02,61.15275646372275,61.57762821621831,60.6409750233538,61.32656478881836,3172800,0.0,0
2021-07-06,61.220351617415325,61.26863191394181,59.29393573911905,59.80088806152344,3727000,0.0,0
2021-07-07,59.57879176140454,60.34163291951671,58.9936266502157,60.10988235473633,3424300,0.0,0
2021-07-08,58.90285896062202,59.88779245412076,58.56489321049763,59.298763275146484,4251300,0.0,0
2021-07-09,60.09057427947322,61.48106672808503,59.965042560086225,60.911354064941406,5063200,0.0,0
2021-07-12,60.40922981835441,61.413472505300525,59.84433893273101,61.046539306640625,3100400,0.0,0
2021-07-13,61.239662730796276,61.50038076056602,60.17748143933493,60.54441833496094,3074500,0.0,0
2021-07-14,60.776162563649656,61.45692689200584,60.03263421893707,60.1774787902832,2571700,0.0,0
2021-07-15,59.67535158055989,60.56372443665144,59.56913272654946,59.78157043457031,2745800,0.0,0
2021-07-16,59.1925432685035,59.59810584434429,57.74411233852274,57.94689178466797,6961300,0.0,0
2021-07-19,56.1411807614295,56.46949191082296,55.09348330069974,55.80321502685547,7815400,0.0,0
2021-07-20,56.14118544051007,57.15508641228589,55.64678665311308,56.60468292236328,6771700,0.0,0
2021-07-21,57.473741847700815,57.98551961629342,57.02472809562696,57.67652130126953,7428300,0.0,0
2021-07-22,56.54674414792853,58.79663824981351,56.005995281204314,58.400733947753906,7111300,0.0,0
2021-07-23,58.748359653648734,59.17323140749786,57.74411330795037,58.04345703125,4690500,0.0,0
2021-07-26,58.13036463890743,59.9071068058515,58.13036463890743,59.878135681152344,6534300,0.0,0
2021-07-27,59.395322629425095,60.27403724501058,58.76767143746423,59.82019805908203,3568500,0.0,0
2021-07-28,59.70432459952086,60.15816378532229,58.960796281379814,59.74294662475586,4113600,0.0,0
2021-07-29,60.293353926936774,60.76650968085049,59.878136739895325,60.447853088378906,3708600,0.0,0
2021-07-30,60.34163632041709,61.0513644072916,59.54499854374516,60.022979736328125,4646800,0.0,0
2021-08-02,60.158163762105275,61.403815243323834,59.08632428680327,59.11529541015625,3714500,0.0,0
2021-08-03,59.04770022647443,60.129194249919635,58.08690509256376,60.09056854248047,4819700,0.0,0
2021-08-04,59.61741534490285,60.0615999210566,58.88354165220958,58.8931999206543,3340100,0.0,0
2021-08-05,59.18288960232883,59.67535450540939,58.80629814405245,58.90285873413086,3037100,0.0,0
2021-08-06,59.49188542513425,60.225755456298494,59.43394686337777,59.86847686767578,3142800,0.0,0
2021-08-09,59.598107225346034,60.08574299758276,59.25048320472749,59.69466781616211,3178100,0.0,0
2021-08-10,59.88779282434382,61.38450408686934,59.81054140466616,60.949974060058594,3560000,0.0,0
2021-08-11,61.23965881290082,62.08940968538686,61.04653763302715,62.03146743774414,3583600,0.0,0
2021-08-12,62.14734533012182,62.39840876072542,61.126685074066366,61.80937957763672,3581400,0.0,0
2021-08-13,61.77075394088787,61.896281972787826,61.17206648784779,61.5003776550293,2385600,0.0,0
2021-08-16,61.02722348165586,61.40864406583781,60.00366430574164,61.143096923828125,3163400,0.0,0
2021-08-17,60.5347531469467,60.71339428124793,59.038041976922194,60.16781997680664,3974300,0.0,0
2021-08-18,59.781572878310214,60.66994577071651,59.588448016174034,59.75260543823242,4574000,0.0,0
2021-08-19,58.94148228316586,59.27944801960306,58.08208053889676,58.468326568603516,3981600,0.0,0
2021-08-20,58.33314103692948,59.00907620219426,58.246235034487576,58.79663848876953,3203600,0.0,0
2021-08-23,59.385669419424104,60.27403864100885,59.347043709733356,59.92641830444336,3439900,0.0,0
2021-08-24,60.31266730258388,61.345881144302346,60.31266730258388,61.08516311645508,2896000,0.0,0
2021-08-25,61.12378325908476,61.97353041869842,60.66028581299102,61.67418670654297,3246700,0.0,0
2021-08-26,61.645220436664474,62.34046477721855,61.28794183918875,61.461753845214844,3618500,0.0,0
2021-08-27,61.983191078687426,63.59095032417936,61.91559792874636,63.13227462768555,5348700,0.0,0
2021-08-30,63.444624851232476,63.76477904852676,62.41975088678037,62.449031829833984,3925000,0.7,0
2021-08-31,62.17573071943338,62.35142381786324,61.1898968089752,61.394874572753906,5450000,0.0,0
2021-09-01,61.32654906173173,61.492479361658546,60.330956091923554,61.043487548828125,3949200,0.0,0
2021-09-02,61.258223767179146,61.84386869152969,60.92635942707196,61.12157440185547,3414600,0.0,0
2021-09-03,60.955638716273704,61.32166536542257,60.19430075412145,60.6335334777832,3690400,0.0,0
2021-09-07,60.49688333452381,60.80922577317891,60.16501902802582,60.3895149230957,2514300,0.0,0
2021-09-08,60.35047902416926,60.62377774576597,59.06206172263209,59.237754821777344,4629000,0.0,0
2021-09-09,58.80828162060089,59.72578708055906,58.63258853116402,58.837562561035156,4439100,0.0,0
2021-09-10,59.39392459189137,59.96980668639812,58.896129972159095,58.964454650878906,4093300,0.0,0
2021-09-13,59.803874780682825,60.116217224556586,58.7741195061124,59.26703643798828,4549200,0.0,0
2021-09-14,59.774598062528014,59.8331599477563,58.097705585483794,58.2226448059082,4493600,0.0,0
2021-09-15,58.320246793800855,59.21823039652446,58.24215932047758,58.75947952270508,5167600,0.0,0
2021-09-16,58.7009133061467,58.876606395877964,57.65651756353067,58.04694747924805,4650700,0.0,0
2021-09-17,57.3929768831578,57.75412212839568,56.09480432537082,56.36810302734375,9622900,0.0,0
2021-09-20,54.91375803712868,55.76294256863901,53.98649347779408,54.83567428588867,7683900,0.0,0
2021-09-21,55.23586195453531,55.49940159002714,53.8888828364934,54.20122528076172,6156400,0.0,0
2021-09-22,54.913760826118846,55.61653324005032,54.90888315126693,54.95280456542969,6823800,0.0,0
2021-09-23,55.41155647131482,56.656044882522444,55.24562244910436,56.055763244628906,7814100,0.0,0
2021-09-24,55.83126679775276,55.96791615388439,55.38227499234434,55.450599670410156,7964900,0.0,0
2021-09-27,55.51892692501277,58.9351758805085,55.51892692501277,58.26168441772461,12374000,0.0,0
2021-09-28,58.71068095778772,59.193835132801816,57.72484701460156,58.03718948364258,6681800,0.0,0
2021-09-29,58.0371872023456,58.17383656175271,57.36369947808951,57.41250228881836,4578800,0.0,0
2021-09-30,57.510105032896945,57.75412279774817,56.172888724068606,56.18265151977539,4929000,0.0,0
2021-10-01,56.29002104428931,57.59795652518795,55.88007295136176,57.17824935913086,6925300,0.0,0
2021-10-04,57.17824646194132,57.588194534097035,56.2997809881566,56.84638214111328,5652900,0.0,0
2021-10-05,56.86590255921959,58.022548192029404,56.70973132690659,57.6858024597168,5646200,0.0,0
2021-10-06,56.9635109688067,57.168485009702714,54.952803127888586,55.7922248840332,8699100,0.0,0
2021-10-07,56.50475366596026,58.04694774432944,56.407148048292996,57.10991668701172,7235900,0.0,0
2021-10-08,57.402739343170765,57.87125299670635,57.00255036472898,57.30513000488281,4260200,0.0,0
2021-10-11,57.832209429043395,58.34952589151486,56.8170946483991,56.83661651611328,4139000,0.0,0
2021-10-12,56.63164757212773,56.97327097924296,56.12409013625948,56.35834884643555,5443800,0.0,0
2021-10-13,56.53403650518905,56.66092679115044,55.29442948083871,55.5482063293457,7689800,0.0,0
2021-10-14,56.05576474233705,57.37345926550817,55.77270322380179,57.33441925048828,6430400,0.0,0
2021-10-15,58.04695073086319,58.30072758390437,57.43202488235749,57.54915237426758,4288200,0.0,0
2021-10-18,56.3193017213168,57.968860496147315,56.22169237985556,57.539390563964844,4660100,0.0,0
2021-10-19,57.676041687310814,57.85173478391326,57.139203324765916,57.77364730834961,3650600,0.0,0
2021-10-20,57.74436627754869,59.15771905105886,57.530608701842475,58.4568977355957,5875300,0.0,0
2021-10-21,58.63259129075121,59.70626802258494,56.57308065252095,57.84197235107422,8916600,0.0,0
2021-10-22,58.212878075327964,58.7497164196638,56.98303016424195,57.0025520324707,5889500,0.0,0
2021-10-25,57.82245018927014,58.11038935953466,57.20752439001039,57.30513000488281,6293200,0.0,0
2021-10-26,57.30513000488281,58.33000385470537,56.787813543911014,57.30513000488281,6875200,0.0,0
2021-10-27,57.178245961106896,57.178245961106896,54.56237515476719,54.65998077392578,11512700,0.0,0
2021-10-28,54.90400046569382,55.499404444268315,54.86495672729841,55.21634292602539,5974400,0.0,0
2021-10-29,54.786870380487976,55.29442778535459,54.328115784597536,54.630699157714844,5894900,0.0,0
2021-11-01,54.66973930429793,56.59260051466121,54.66973930429793,56.065521240234375,7562000,0.0,0
2021-11-02,56.260736293882374,57.33441671284835,55.870310097053014,57.07087707519531,5929500,0.0,0
2021-11-03,57.09039979450886,58.159195108047705,56.69996986844429,57.63699722290039,6234300,0.0,0
2021-11-04,57.58819477603316,57.60283524675512,55.4359562179266,55.80198287963867,9047900,0.0,0
2021-11-05,55.87031140466696,57.33929572936977,55.87031140466696,56.91470718383789,4979100,0.0,0
2021-11-08,57.51986992406419,58.25192324528671,56.900062693649645,57.16848373413086,4894100,0.0,0
2021-11-09,57.139202898415434,57.705322198364655,56.997672142574196,57.38322067260742,4447800,0.0,0
2021-11-10,57.43202271563719,57.87125544799904,57.0903993256978,57.35393524169922,5103900,0.0,0
2021-11-11,57.66628144622299,58.54474318802132,57.607715840736816,58.251922607421875,4140400,0.0,0
2021-11-12,58.35929360074577,59.101106019265266,58.03718834146482,58.622833251953125,3499400,0.0,0
2021-11-15,59.052302385051675,59.364644843595215,58.34952999162081,58.48617935180664,3470400,0.0,0
2021-11-16,58.53498523535208,58.55450710422096,57.43202384646315,57.45154571533203,4004700,0.0,0
2021-11-17,57.2758531269316,57.568673715730334,56.77805477489954,56.94398880004883,3342400,0.0,0
2021-11-18,56.95374703957708,56.97326890833348,56.29001839552247,56.59260177612305,3801500,0.0,0
2021-11-19,56.07528681537668,56.14361149617962,54.68926388319722,55.967918395996094,7424300,0.0,0
2021-11-22,56.18265367039273,57.8712562209914,56.03624151651125,57.38322067260742,5309200,0.0,0
2021-11-23,57.920060543367825,58.29096861238,57.42226590932229,57.76388931274414,5279400,0.0,0
2021-11-24,57.490586598071445,57.94933746175312,57.188003230753914,57.227046966552734,3307100,0.0,0
2021-11-26,55.284667565981266,56.387628972639966,54.64046077659268,56.22169494628906,4317500,0.0,0
2021-11-29,57.20977778636393,57.68405527211879,55.70789719686232,56.18217468261719,4564300,0.7,0
2021-11-30,55.589323951959706,55.8165854432514,53.76137927445005,54.27518081665039,10398200,0.0,0
2021-12-01,54.828505277612166,55.13480735480241,52.07176396756648,52.131046295166016,9113300,0.0,0
2021-12-02,51.87414935049005,52.83752490216734,51.44927506379587,52.546043395996094,7333300,0.0,0
2021-12-03,52.36818599966561,53.178410462650966,52.10140422245499,52.43735122680664,6969100,0.0,0
2021-12-06,53.71197506924274,54.065705270804386,53.19817353668576,53.23769760131836,6066400,0.0,0
2021-12-07,53.800904286368144,54.71981809176722,53.62304975827656,54.206016540527344,5806900,0.0,0
2021-12-08,54.65064997147487,54.81862158955746,54.126965546792604,54.25541687011719,5013700,0.0,0
2021-12-09,53.59340570945731,53.929352714528186,53.08454186694148,53.741615295410156,5607700,0.0,0
2021-12-10,54.492558431999264,54.60124395600078,53.63786843737594,54.028160095214844,3628600,0.0,0
2021-12-13,53.81078140452051,53.99851882671507,52.4343895896896,52.68437194824219,5398800,0.0,0
2021-12-14,52.61520677563286,53.85030552623457,52.5045424100394,53.23769760131836,4048700,0.0,0
2021-12-15,53.1487703499335,53.42543126396624,52.22985657778506,53.395790100097656,4955200,0.0,0
2021-12-16,53.78114031755951,54.70005408988362,53.623047828193116,53.94911193847656,5605900,0.0,0
2021-12-17,53.87994859708519,54.01334137763585,52.743659967848004,53.455074310302734,10400000,0.0,0
2021-12-20,52.466992413105004,52.95115277252678,51.84450536856268,52.87210464477539,6251000,0.0,0
2021-12-21,53.524237665780895,54.15661139245934,53.25745965247215,53.55388259887695,4422000,0.0,0
2021-12-22,53.47483350542359,53.73173615177208,53.000556045882746,53.58352279663086,3729600,0.0,0
2021-12-23,53.85030747954633,55.03896568578204,53.70209411640908,54.4826774597168,6240200,0.0,0
2021-12-27,54.650650043232325,55.22373389480903,54.512315819119955,55.20397186279297,3249000,0.0,0
2021-12-28,55.34230240719571,56.320502262850354,55.243496016177836,55.95491409301758,4748100,0.0,0
2021-12-29,55.99443726883595,56.429194457816386,55.88575174081325,56.379791259765625,3580900,0.0,0
2021-12-30,56.51812168149718,57.14061253031338,56.04878187729529,56.103126525878906,3678700,0.0,0
2021-12-31,56.162410740777176,56.31161163530911,55.6239057235762,56.04384231567383,3093900,0.0,0
2022-01-03,56.51811880876602,57.20977485349237,56.113006574875506,56.19205093383789,5231900,0.0,0
2022-01-04,56.56752401133476,58.00023934712571,56.41931065034102,57.71369552612305,9068000,0.0,0
2022-01-05,58.08916466868865,58.87962710605463,57.61982488737414,57.6544075012207,6706300,0.0,0
2022-01-06,57.792742712898,58.158330889694646,56.55764395553691,57.54572296142578,5820800,0.0,0
2022-01-07,57.93107508052055,58.80552337110324,57.73345851898329,58.395469665527344,4633100,0.0,0
2022-01-10,58.138568865941,58.593084304104316,57.29376176808669,57.70381546020508,5544300,0.0,0
2022-01-11,58.34606649182937,58.761061648153266,57.713696510023816,58.474517822265625,5720400,0.0,0
2022-01-12,58.805523374511814,59.42307277358754,58.18797397543608,58.55356216430664,3742400,0.0,0
2022-01-13,58.59308625594002,59.50903745488932,58.501196382852775,59.22545623779297,4482600,0.0,0
2022-01-14,58.99819857214382,60.10484981075314,58.58320718458213,60.01592254638672,6795300,0.0,0
2022-01-18,60.035678857228426,60.42004153096632,58.859866194832016,59.482357025146484,4796900,0.0,0
2022-01-19,60.03567882673292,60.19377131713635,58.68201164207712,59.12664794921875,4351100,0.0,0
2022-01-20,59.185934915785325,59.33414450752762,57.08132554388812,57.120849609375,5765700,0.0,0
2022-01-21,56.99239725494521,57.08132451607829,55.865987793407655,56.04384231567383,6189500,0.0,0
2022-01-24,55.03600312216382,56.14265058837073,53.949113919783855,55.94503402709961,8872700,0.0,0
2022-01-25,55.22373681686281,56.77502060459507,53.98765048340355,56.49835968017578,5644100,0.0,0
2022-01-26,56.745379451904334,57.55560396149836,55.9746790084423,56.53788375854492,6126000,0.0,0
2022-01-27,58.039764433478325,60.55936523013269,58.039764433478325,59.46259689331055,11664200,0.0,0
2022-01-28,59.98627565229331,60.37162586221714,58.36582668275601,59.32426452636719,6971900,0.0,0
2022-01-31,58.79070187173075,59.33414458056615,57.585244257453354,59.01795959472656,8056100,0.0,0
2022-02-01,59.087124942495144,61.25102041959651,58.98831854768184,61.07316589355469,6659400,0.0,0
2022-02-02,60.974356658852976,61.74506087318825,60.39138987443564,60.92495346069336,5463400,0.0,0
2022-02-03,60.76685998371914,61.700594359979966,60.42597151424469,60.480316162109375,5363800,0.0,0
2022-02-04,60.47043603095704,60.98423756731761,59.8183040365806,59.877586364746094,4995100,0.0,0
2022-02-07,60.203653248899215,60.37162486821434,59.017957705347996,59.1958122253418,6214400,0.0,0
2022-02-08,59.66021253910092,60.440792103642934,59.66021253910092,60.36174774169922,5595500,0.0,0
2022-02-09,60.75697902694689,61.48815537207253,60.51983840982204,61.25101852416992,5515900,0.0,0
2022-02-10,61.15220827121824,61.71541299566766,59.98627475798768,60.22341537475586,6537200,0.0,0
2022-02-11,60.075203920055735,61.171972240039686,59.63056760530247,60.36174774169922,6042100,0.0,0
2022-02-14,60.371624965544264,60.63840674596506,59.40824945504327,60.1048469543457,4472000,0.0,0
2022-02-15,60.09496693128602,61.27077963235773,59.986277633774215,61.1225700378418,4076800,0.0,0
2022-02-16,60.91507247101056,62.16005036508779,60.88542753764094,61.33994674682617,5613600,0.0,0
2022-02-17,60.62852951058666,61.36464732802212,59.902290824932514,60.440792083740234,3927800,0.0,0
2022-02-18,60.02579878683939,60.58900351095591,59.47247319418885,59.867706298828125,5078900,0.0,0
2022-02-22,60.19377326268156,60.312345461233264,59.225456256510405,59.5811653137207,5664000,0.0,0
2022-02-23,60.14436910993273,60.460554095940545,59.16123153685288,59.25510025024414,5155100,0.0,0
2022-02-24,58.187972079612834,58.26702020934581,56.83430489632496,58.02000045776367,8108500,0.0,0
2022-02-25,58.41999816894531,60.14500045776367,58.31999969482422,59.650001525878906,5445200,0.7,0
2022-02-28,58.31999969482422,59.18000030517578,58.0099983215332,58.959999084472656,6438200,0.0,0
2022-03-01,59.119998931884766,59.30500030517578,56.27000045776367,57.130001068115234,7668100,0.0,0
2022-03-02,57.54999923706055,59.790000915527344,57.5099983215332,59.20000076293945,6499800,0.0,0
2022-03-03,59.290000915527344,59.939998626708984,58.7400016784668,59.66999816894531,4514800,0.0,0
2022-03-04,58.400001525878906,58.875,57.83000183105469,58.83000183105469,5869500,0.0,0
2022-03-07,58.75,59.11000061035156,57.64500045776367,57.97999954223633,6987800,0.0,0
2022-03-08,58.11000061035156,59.220001220703125,57.619998931884766,57.84000015258789,6583400,0.0,0
2022-03-09,59.25,60.900001525878906,58.939998626708984,59.79999923706055,7484700,0.0,0
2022-03-10,59.2400016784668,61.040000915527344,59.22999954223633,60.630001068115234,5421000,0.0,0
2022-03-11,61.060001373291016,62.4900016784668,60.869998931884766,60.90999984741211,6140000,0.0,0
2022-03-14,61.369998931884766,62.029998779296875,59.77000045776367,60.279998779296875,5836200,0.0,0
2022-03-15,59.869998931884766,60.26499938964844,57.619998931884766,58.869998931884766,8354400,0.0,0
2022-03-16,59.15999984741211,60.150001525878906,58.720001220703125,59.63999938964844,6154800,0.0,0
2022-03-17,59.380001068115234,62.880001068115234,59.13999938964844,62.84000015258789,9420600,0.0,0
2022-03-18,62.22999954223633,63.43000030517578,61.80500030517578,62.38999938964844,9510800,0.0,0
2022-03-21,63.119998931884766,63.720001220703125,62.529998779296875,63.34000015258789,4836500,0.0,0
2022-03-22,64.0,64.52999877929688,63.2400016784668,63.54999923706055,5136700,0.0,0
2022-03-23,63.400001525878906,63.84000015258789,63.02000045776367,63.29999923706055,2936100,0.0,0
2022-03-24,63.7599983215332,64.19999694824219,63.40999984741211,64.08999633789062,3611400,0.0,0
2022-03-25,64.08999633789062,64.7300033569336,63.84000015258789,64.69999694824219,3962900,0.0,0
2022-03-28,64.30000305175781,64.55000305175781,63.040000915527344,64.11000061035156,3879300,0.0,0
2022-03-29,63.95000076293945,64.31999969482422,62.81999969482422,64.19000244140625,4225600,0.0,0
2022-03-30,64.4800033569336,64.94000244140625,64.02999877929688,64.26000213623047,3145900,0.0,0
2022-03-31,64.1500015258789,64.78500366210938,63.709999084472656,63.720001220703125,4302100,0.0,0
2022-04-01,64.29000091552734,64.93000030517578,63.439998626708984,64.18000030517578,3317100,0.0,0
2022-04-04,64.51000213623047,64.51000213623047,63.31999969482422,64.01000213623047,3650000,0.0,0
2022-04-05,64.0,64.63999938964844,63.40999984741211,63.4900016784668,3432500,0.0,0
2022-04-06,63.209999084472656,63.290000915527344,61.290000915527344,61.66999816894531,4977000,0.0,0
2022-04-07,61.79999923706055,61.79999923706055,60.029998779296875,61.25,4644800,0.0,0
2022-04-08,61.77000045776367,62.279998779296875,61.31999969482422,61.68000030517578,3913900,0.0,0
2022-04-11,61.349998474121094,62.619998931884766,61.150001525878906,61.95000076293945,2760400,0.0,0
2022-04-12,62.5099983215332,63.75,62.290000915527344,63.2599983215332,4137300,0.0,0
2022-04-13,63.4900016784668,64.2300033569336,63.220001220703125,64.16000366210938,3465600,0.0,0
2022-04-14,64.48999786376953,66.0,64.38999938964844,65.48999786376953,7000200,0.0,0
